Unnamed: 0,Part Number,Item ID,PictureURL,PrimaryCategoryID,PrimaryCategoryName,Make,Superseded Part Number,OE/OEM Part Number,Interchange Part Number,Manufacturer Part Number,Model,Other Part Number,Replaces Part Number,Part Brand,Brand,FOR,Fit,Placement on Vehicle,Type,Year,Title,Price
,2L1Z 3A331 AA,285432953073,['https://i.ebayimg.com/00/s/MTUwMFgxNTAw/z/U1AAAOSw2HBk3MJQ/$_57.PNG?set_id=880000500F'],33729,"eBay Motors:Parts & Accessories:Car & Truck Parts & Accessories:Transmission & Drivetrain:CV Joints, Boots & Parts",,,2L1Z-3A331-AA,,2L1Z-3A331-AA,,,,,Ford,,,[],,,Genuine Ford Outer Boot 2L1Z-3A331-AA,22.9
,2L1Z 3A331 AB,196115571105,['https://i.ebayimg.com/00/s/NjQwWDY0MA==/z/KaQAAOSwmbtlbhhM/$_12.JPG?set_id=880000500F'],33729,"eBay Motors:Parts & Accessories:Car & Truck Parts & Accessories:Transmission & Drivetrain:CV Joints, Boots & Parts",Ford Lincoln,,,,2L1Z-3A331-AB,F-150 Mark LT Navigator Expedition F-150 Heritage,,,,Ford,,,[],,2003 2004 2005 2006 2007 2008,Genuine Ford Cv Joint Boot 2L1Z-3A331-AB,23.75
,2L1Z 3A674 F,166002539817,['https://i.ebayimg.com/00/s/MTUwMFgxNTAw/z/D1YAAOSwtKZkazSH/$_57.JPG?set_id=880000500F'],33588,eBay Motors:Parts & Accessories:Car & Truck Parts & Accessories:Steering & Suspension:Power Steering Pumps,,,,automotive replacement power steering pump,SP312,,,,,Detroit Axle,,,[],Power Steering Pump,,Power Steering Pump for 2004-06 Ford F-150 Expedition Lincoln Navigator Mark LT,72.33
,2L1Z 3A674 GARM,305303469361,['https://i.ebayimg.com/00/s/MTA2MFgxMDQ2/z/5L8AAOSwfLllcKPQ/$_57.PNG?set_id=880000500F'],33588,eBay Motors:Parts & Accessories:Car & Truck Parts & Accessories:Steering & Suspension:Power Steering Pumps,,553-01060,"2L1Z3A674GARM,7L343A674B,7L3Z3A674BRM,2L1Z3A674F,7L3Z3A674BG",553-01060,"2L1Z3A674GARM,7L343A674B,7L3Z3A674BRM,2L1Z3A674F,7L3Z3A674BG",FORD EXPEDITION,,,,FORD TRUCKS,,,['Front'],Power Steering Pump,06,04-08 FORD F150 03-06 EXPEDITION NAVIGATOR Power Steering Pump Motor Reservoir,94.95
,2L1Z 3A130 CA,355260782172,['https://i.ebayimg.com/00/s/MTUwMFgxMzY0/z/xeAAAOSwgCNlbtVB/$_1.JPG?set_id=880000500F'],33593,eBay Motors:Parts & Accessories:Car & Truck Parts & Accessories:Steering & Suspension:Tie Rods & Steering Linkages,,,,,153297,,,,,APDTY,,,[],,,APDTY 153297 Tie Rod Replaces 2L1Z 3A130-CA,22.94
,2L1Z 3A674 FARM,193956297346,['https://i.ebayimg.com/00/s/NDgwWDQzNw==/z/rVoAAOSwLiFh5djx/$_1.JPG?set_id=8800005007'],33588,eBay Motors:Parts & Accessories:Car & Truck Parts & Accessories:Steering & Suspension:Power Steering Pumps,,,,2L1Z3A674FARM,20-291,,,,,A1 Cardone,,,[],Power Steering Pump,,A1 Cardone 20-291 Power Steering Pump For 07-09 Expedition Navigator,76.99
,2L1Z 3A674 GBRM,193956297346,['https://i.ebayimg.com/00/s/NDgwWDQzNw==/z/rVoAAOSwLiFh5djx/$_1.JPG?set_id=8800005007'],33588,eBay Motors:Parts & Accessories:Car & Truck Parts & Accessories:Steering & Suspension:Power Steering Pumps,,,,2L1Z3A674FARM,20-291,,,,,A1 Cardone,,,[],Power Steering Pump,,A1 Cardone 20-291 Power Steering Pump For 07-09 Expedition Navigator,76.99
,2L1Z 3A697 AA,335046059823,['https://i.ebayimg.com/00/s/MTIwMFgxNTk5/z/6EwAAOSwO2dlExJ-/$_57.JPG?set_id=880000500F'],262226,eBay Motors:Parts & Accessories:Car & Truck Parts & Accessories:Steering & Suspension:Power Steering Pump Parts,,004B,,,2L1Z-3A697-AA,,,,,Ford,,,[],,,2002-2009 FORD F150 POWER STEERING RESERVOIR 2L1Z-3A697-AA  OEM,39.99
,2L1Z 3A713 EA,374903750753,['https://i.ebayimg.com/00/s/MTUwMFgxNTAw/z/OuQAAOSwvspisdkx/$_12.JPG?set_id=880000500F'],262225,eBay Motors:Parts & Accessories:Car & Truck Parts & Accessories:Steering & Suspension:Power Steering Hoses,,,"2L1Z3A713EA,3L1Z3A713AA,4L1Z3A713AA,",,92425,,,,,Edelmann,,,[],Power Steering Return Line Hose Assembly,,Power Steering Return Line Hose Assembly-Return Line Assembly fits Expedition,59.31
,2L1Z 3A713 FA,156005644996,['https://i.ebayimg.com/00/s/NDAzWDY0MA==/z/~08AAOSwCcNloguz/$_12.PNG?set_id=880000500F'],262225,eBay Motors:Parts & Accessories:Car & Truck Parts & Accessories:Steering & Suspension:Power Steering Hoses,Ford Lincoln,,,,2L1Z-3A713-FA,Expedition Navigator,,,,Ford,,,[],,2003 2004,Genuine Ford Power Steering Return Hose 2L1Z-3A713-FA,46.22
,2L1Z 3A719 HA,203043120561,['https://i.ebayimg.com/00/s/MTMwNlgxNjAw/z/YAQAAOSweRlktKCH/$_12.JPG?set_id=880000500F'],262225,eBay Motors:Parts & Accessories:Car & Truck Parts & Accessories:Steering & Suspension:Power Steering Hoses,,,,6L1Z3A719AA 2L1Z3A719HA 3L1Z3A719BA,H80348,,,,,Heri Automotive,,,[],,,Power Steering Pressure & Retun Hose For 02-06 Ford Expedition REF 6L1Z3A719AA,102.84
